king_wen,binary_l1_to_l6,line,edge,modality,valence,commit_direction,terminal_sign,earlier_sign,later_sign
1,111111,1,P-I,Mutable,Yang,forward(->),Pisces,Sagittarius,Pisces
1,111111,2,I-R,Cardinal,Yang,forward(->),Capricorn,Cancer,Capricorn
1,111111,3,P-R,Fixed,Yang,forward(->),Leo,Taurus,Leo
1,111111,4,I-U,Fixed,Yang,forward(->),Aquarius,Scorpio,Aquarius
1,111111,5,P-U,Cardinal,Yang,forward(->),Libra,Aries,Libra
1,111111,6,U-R,Mutable,Yang,forward(->),Virgo,Gemini,Virgo
2,000000,1,P-I,Mutable,Yin,reverse(<-),Sagittarius,Sagittarius,Pisces
2,000000,2,I-R,Cardinal,Yin,reverse(<-),Cancer,Cancer,Capricorn
2,000000,3,P-R,Fixed,Yin,reverse(<-),Taurus,Taurus,Leo
2,000000,4,I-U,Fixed,Yin,reverse(<-),Scorpio,Scorpio,Aquarius
2,000000,5,P-U,Cardinal,Yin,reverse(<-),Aries,Aries,Libra
2,000000,6,U-R,Mutable,Yin,reverse(<-),Gemini,Gemini,Virgo
3,100010,1,P-I,Mutable,Yang,forward(->),Pisces,Sagittarius,Pisces
3,100010,2,I-R,Cardinal,Yin,reverse(<-),Cancer,Cancer,Capricorn
3,100010,3,P-R,Fixed,Yin,reverse(<-),Taurus,Taurus,Leo
3,100010,4,I-U,Fixed,Yin,reverse(<-),Scorpio,Scorpio,Aquarius
3,100010,5,P-U,Cardinal,Yang,forward(->),Libra,Aries,Libra
3,100010,6,U-R,Mutable,Yin,reverse(<-),Gemini,Gemini,Virgo
4,010001,1,P-I,Mutable,Yin,reverse(<-),Sagittarius,Sagittarius,Pisces
4,010001,2,I-R,Cardinal,Yang,forward(->),Capricorn,Cancer,Capricorn
4,010001,3,P-R,Fixed,Yin,reverse(<-),Taurus,Taurus,Leo
4,010001,4,I-U,Fixed,Yin,reverse(<-),Scorpio,Scorpio,Aquarius
4,010001,5,P-U,Cardinal,Yin,reverse(<-),Aries,Aries,Libra
4,010001,6,U-R,Mutable,Yang,forward(->),Virgo,Gemini,Virgo
5,111010,1,P-I,Mutable,Yang,forward(->),Pisces,Sagittarius,Pisces
5,111010,2,I-R,Cardinal,Yang,forward(->),Capricorn,Cancer,Capricorn
5,111010,3,P-R,Fixed,Yang,forward(->),Leo,Taurus,Leo
5,111010,4,I-U,Fixed,Yin,reverse(<-),Scorpio,Scorpio,Aquarius
5,111010,5,P-U,Cardinal,Yang,forward(->),Libra,Aries,Libra
5,111010,6,U-R,Mutable,Yin,reverse(<-),Gemini,Gemini,Virgo
6,010111,1,P-I,Mutable,Yin,reverse(<-),Sagittarius,Sagittarius,Pisces
6,010111,2,I-R,Cardinal,Yang,forward(->),Capricorn,Cancer,Capricorn
6,010111,3,P-R,Fixed,Yin,reverse(<-),Taurus,Taurus,Leo
6,010111,4,I-U,Fixed,Yang,forward(->),Aquarius,Scorpio,Aquarius
6,010111,5,P-U,Cardinal,Yang,forward(->),Libra,Aries,Libra
6,010111,6,U-R,Mutable,Yang,forward(->),Virgo,Gemini,Virgo
7,010000,1,P-I,Mutable,Yin,reverse(<-),Sagittarius,Sagittarius,Pisces
7,010000,2,I-R,Cardinal,Yang,forward(->),Capricorn,Cancer,Capricorn
7,010000,3,P-R,Fixed,Yin,reverse(<-),Taurus,Taurus,Leo
7,010000,4,I-U,Fixed,Yin,reverse(<-),Scorpio,Scorpio,Aquarius
7,010000,5,P-U,Cardinal,Yin,reverse(<-),Aries,Aries,Libra
7,010000,6,U-R,Mutable,Yin,reverse(<-),Gemini,Gemini,Virgo
8,000010,1,P-I,Mutable,Yin,reverse(<-),Sagittarius,Sagittarius,Pisces
8,000010,2,I-R,Cardinal,Yin,reverse(<-),Cancer,Cancer,Capricorn
8,000010,3,P-R,Fixed,Yin,reverse(<-),Taurus,Taurus,Leo
8,000010,4,I-U,Fixed,Yin,reverse(<-),Scorpio,Scorpio,Aquarius
8,000010,5,P-U,Cardinal,Yang,forward(->),Libra,Aries,Libra
8,000010,6,U-R,Mutable,Yin,reverse(<-),Gemini,Gemini,Virgo
9,111011,1,P-I,Mutable,Yang,forward(->),Pisces,Sagittarius,Pisces
9,111011,2,I-R,Cardinal,Yang,forward(->),Capricorn,Cancer,Capricorn
9,111011,3,P-R,Fixed,Yang,forward(->),Leo,Taurus,Leo
9,111011,4,I-U,Fixed,Yin,reverse(<-),Scorpio,Scorpio,Aquarius
9,111011,5,P-U,Cardinal,Yang,forward(->),Libra,Aries,Libra
9,111011,6,U-R,Mutable,Yang,forward(->),Virgo,Gemini,Virgo
10,110111,1,P-I,Mutable,Yang,forward(->),Pisces,Sagittarius,Pisces
10,110111,2,I-R,Cardinal,Yang,forward(->),Capricorn,Cancer,Capricorn
10,110111,3,P-R,Fixed,Yin,reverse(<-),Taurus,Taurus,Leo
10,110111,4,I-U,Fixed,Yang,forward(->),Aquarius,Scorpio,Aquarius
10,110111,5,P-U,Cardinal,Yang,forward(->),Libra,Aries,Libra
10,110111,6,U-R,Mutable,Yang,forward(->),Virgo,Gemini,Virgo
11,111000,1,P-I,Mutable,Yang,forward(->),Pisces,Sagittarius,Pisces
11,111000,2,I-R,Cardinal,Yang,forward(->),Capricorn,Cancer,Capricorn
11,111000,3,P-R,Fixed,Yang,forward(->),Leo,Taurus,Leo
11,111000,4,I-U,Fixed,Yin,reverse(<-),Scorpio,Scorpio,Aquarius
11,111000,5,P-U,Cardinal,Yin,reverse(<-),Aries,Aries,Libra
11,111000,6,U-R,Mutable,Yin,reverse(<-),Gemini,Gemini,Virgo
12,000111,1,P-I,Mutable,Yin,reverse(<-),Sagittarius,Sagittarius,Pisces
12,000111,2,I-R,Cardinal,Yin,reverse(<-),Cancer,Cancer,Capricorn
12,000111,3,P-R,Fixed,Yin,reverse(<-),Taurus,Taurus,Leo
12,000111,4,I-U,Fixed,Yang,forward(->),Aquarius,Scorpio,Aquarius
12,000111,5,P-U,Cardinal,Yang,forward(->),Libra,Aries,Libra
12,000111,6,U-R,Mutable,Yang,forward(->),Virgo,Gemini,Virgo
13,101111,1,P-I,Mutable,Yang,forward(->),Pisces,Sagittarius,Pisces
13,101111,2,I-R,Cardinal,Yin,reverse(<-),Cancer,Cancer,Capricorn
13,101111,3,P-R,Fixed,Yang,forward(->),Leo,Taurus,Leo
13,101111,4,I-U,Fixed,Yang,forward(->),Aquarius,Scorpio,Aquarius
13,101111,5,P-U,Cardinal,Yang,forward(->),Libra,Aries,Libra
13,101111,6,U-R,Mutable,Yang,forward(->),Virgo,Gemini,Virgo
14,111101,1,P-I,Mutable,Yang,forward(->),Pisces,Sagittarius,Pisces
14,111101,2,I-R,Cardinal,Yang,forward(->),Capricorn,Cancer,Capricorn
14,111101,3,P-R,Fixed,Yang,forward(->),Leo,Taurus,Leo
14,111101,4,I-U,Fixed,Yang,forward(->),Aquarius,Scorpio,Aquarius
14,111101,5,P-U,Cardinal,Yin,reverse(<-),Aries,Aries,Libra
14,111101,6,U-R,Mutable,Yang,forward(->),Virgo,Gemini,Virgo
15,001000,1,P-I,Mutable,Yin,reverse(<-),Sagittarius,Sagittarius,Pisces
15,001000,2,I-R,Cardinal,Yin,reverse(<-),Cancer,Cancer,Capricorn
15,001000,3,P-R,Fixed,Yang,forward(->),Leo,Taurus,Leo
15,001000,4,I-U,Fixed,Yin,reverse(<-),Scorpio,Scorpio,Aquarius
15,001000,5,P-U,Cardinal,Yin,reverse(<-),Aries,Aries,Libra
15,001000,6,U-R,Mutable,Yin,reverse(<-),Gemini,Gemini,Virgo
16,000100,1,P-I,Mutable,Yin,reverse(<-),Sagittarius,Sagittarius,Pisces
16,000100,2,I-R,Cardinal,Yin,reverse(<-),Cancer,Cancer,Capricorn
16,000100,3,P-R,Fixed,Yin,reverse(<-),Taurus,Taurus,Leo
16,000100,4,I-U,Fixed,Yang,forward(->),Aquarius,Scorpio,Aquarius
16,000100,5,P-U,Cardinal,Yin,reverse(<-),Aries,Aries,Libra
16,000100,6,U-R,Mutable,Yin,reverse(<-),Gemini,Gemini,Virgo
17,100110,1,P-I,Mutable,Yang,forward(->),Pisces,Sagittarius,Pisces
17,100110,2,I-R,Cardinal,Yin,reverse(<-),Cancer,Cancer,Capricorn
17,100110,3,P-R,Fixed,Yin,reverse(<-),Taurus,Taurus,Leo
17,100110,4,I-U,Fixed,Yang,forward(->),Aquarius,Scorpio,Aquarius
17,100110,5,P-U,Cardinal,Yang,forward(->),Libra,Aries,Libra
17,100110,6,U-R,Mutable,Yin,reverse(<-),Gemini,Gemini,Virgo
18,011001,1,P-I,Mutable,Yin,reverse(<-),Sagittarius,Sagittarius,Pisces
18,011001,2,I-R,Cardinal,Yang,forward(->),Capricorn,Cancer,Capricorn
18,011001,3,P-R,Fixed,Yang,forward(->),Leo,Taurus,Leo
18,011001,4,I-U,Fixed,Yin,reverse(<-),Scorpio,Scorpio,Aquarius
18,011001,5,P-U,Cardinal,Yin,reverse(<-),Aries,Aries,Libra
18,011001,6,U-R,Mutable,Yang,forward(->),Virgo,Gemini,Virgo
19,110000,1,P-I,Mutable,Yang,forward(->),Pisces,Sagittarius,Pisces
19,110000,2,I-R,Cardinal,Yang,forward(->),Capricorn,Cancer,Capricorn
19,110000,3,P-R,Fixed,Yin,reverse(<-),Taurus,Taurus,Leo
19,110000,4,I-U,Fixed,Yin,reverse(<-),Scorpio,Scorpio,Aquarius
19,110000,5,P-U,Cardinal,Yin,reverse(<-),Aries,Aries,Libra
19,110000,6,U-R,Mutable,Yin,reverse(<-),Gemini,Gemini,Virgo
20,000011,1,P-I,Mutable,Yin,reverse(<-),Sagittarius,Sagittarius,Pisces
20,000011,2,I-R,Cardinal,Yin,reverse(<-),Cancer,Cancer,Capricorn
20,000011,3,P-R,Fixed,Yin,reverse(<-),Taurus,Taurus,Leo
20,000011,4,I-U,Fixed,Yin,reverse(<-),Scorpio,Scorpio,Aquarius
20,000011,5,P-U,Cardinal,Yang,forward(->),Libra,Aries,Libra
20,000011,6,U-R,Mutable,Yang,forward(->),Virgo,Gemini,Virgo
21,100101,1,P-I,Mutable,Yang,forward(->),Pisces,Sagittarius,Pisces
21,100101,2,I-R,Cardinal,Yin,reverse(<-),Cancer,Cancer,Capricorn
21,100101,3,P-R,Fixed,Yin,reverse(<-),Taurus,Taurus,Leo
21,100101,4,I-U,Fixed,Yang,forward(->),Aquarius,Scorpio,Aquarius
21,100101,5,P-U,Cardinal,Yin,reverse(<-),Aries,Aries,Libra
21,100101,6,U-R,Mutable,Yang,forward(->),Virgo,Gemini,Virgo
22,101001,1,P-I,Mutable,Yang,forward(->),Pisces,Sagittarius,Pisces
22,101001,2,I-R,Cardinal,Yin,reverse(<-),Cancer,Cancer,Capricorn
22,101001,3,P-R,Fixed,Yang,forward(->),Leo,Taurus,Leo
22,101001,4,I-U,Fixed,Yin,reverse(<-),Scorpio,Scorpio,Aquarius
22,101001,5,P-U,Cardinal,Yin,reverse(<-),Aries,Aries,Libra
22,101001,6,U-R,Mutable,Yang,forward(->),Virgo,Gemini,Virgo
23,100000,1,P-I,Mutable,Yang,forward(->),Pisces,Sagittarius,Pisces
23,100000,2,I-R,Cardinal,Yin,reverse(<-),Cancer,Cancer,Capricorn
23,100000,3,P-R,Fixed,Yin,reverse(<-),Taurus,Taurus,Leo
23,100000,4,I-U,Fixed,Yin,reverse(<-),Scorpio,Scorpio,Aquarius
23,100000,5,P-U,Cardinal,Yin,reverse(<-),Aries,Aries,Libra
23,100000,6,U-R,Mutable,Yin,reverse(<-),Gemini,Gemini,Virgo
24,000001,1,P-I,Mutable,Yin,reverse(<-),Sagittarius,Sagittarius,Pisces
24,000001,2,I-R,Cardinal,Yin,reverse(<-),Cancer,Cancer,Capricorn
24,000001,3,P-R,Fixed,Yin,reverse(<-),Taurus,Taurus,Leo
24,000001,4,I-U,Fixed,Yin,reverse(<-),Scorpio,Scorpio,Aquarius
24,000001,5,P-U,Cardinal,Yin,reverse(<-),Aries,Aries,Libra
24,000001,6,U-R,Mutable,Yang,forward(->),Virgo,Gemini,Virgo
25,100111,1,P-I,Mutable,Yang,forward(->),Pisces,Sagittarius,Pisces
25,100111,2,I-R,Cardinal,Yin,reverse(<-),Cancer,Cancer,Capricorn
25,100111,3,P-R,Fixed,Yin,reverse(<-),Taurus,Taurus,Leo
25,100111,4,I-U,Fixed,Yang,forward(->),Aquarius,Scorpio,Aquarius
25,100111,5,P-U,Cardinal,Yang,forward(->),Libra,Aries,Libra
25,100111,6,U-R,Mutable,Yang,forward(->),Virgo,Gemini,Virgo
26,111001,1,P-I,Mutable,Yang,forward(->),Pisces,Sagittarius,Pisces
26,111001,2,I-R,Cardinal,Yang,forward(->),Capricorn,Cancer,Capricorn
26,111001,3,P-R,Fixed,Yang,forward(->),Leo,Taurus,Leo
26,111001,4,I-U,Fixed,Yin,reverse(<-),Scorpio,Scorpio,Aquarius
26,111001,5,P-U,Cardinal,Yin,reverse(<-),Aries,Aries,Libra
26,111001,6,U-R,Mutable,Yang,forward(->),Virgo,Gemini,Virgo
27,100001,1,P-I,Mutable,Yang,forward(->),Pisces,Sagittarius,Pisces
27,100001,2,I-R,Cardinal,Yin,reverse(<-),Cancer,Cancer,Capricorn
27,100001,3,P-R,Fixed,Yin,reverse(<-),Taurus,Taurus,Leo
27,100001,4,I-U,Fixed,Yin,reverse(<-),Scorpio,Scorpio,Aquarius
27,100001,5,P-U,Cardinal,Yin,reverse(<-),Aries,Aries,Libra
27,100001,6,U-R,Mutable,Yang,forward(->),Virgo,Gemini,Virgo
28,011110,1,P-I,Mutable,Yin,reverse(<-),Sagittarius,Sagittarius,Pisces
28,011110,2,I-R,Cardinal,Yang,forward(->),Capricorn,Cancer,Capricorn
28,011110,3,P-R,Fixed,Yang,forward(->),Leo,Taurus,Leo
28,011110,4,I-U,Fixed,Yang,forward(->),Aquarius,Scorpio,Aquarius
28,011110,5,P-U,Cardinal,Yang,forward(->),Libra,Aries,Libra
28,011110,6,U-R,Mutable,Yin,reverse(<-),Gemini,Gemini,Virgo
29,010010,1,P-I,Mutable,Yin,reverse(<-),Sagittarius,Sagittarius,Pisces
29,010010,2,I-R,Cardinal,Yang,forward(->),Capricorn,Cancer,Capricorn
29,010010,3,P-R,Fixed,Yin,reverse(<-),Taurus,Taurus,Leo
29,010010,4,I-U,Fixed,Yin,reverse(<-),Scorpio,Scorpio,Aquarius
29,010010,5,P-U,Cardinal,Yang,forward(->),Libra,Aries,Libra
29,010010,6,U-R,Mutable,Yin,reverse(<-),Gemini,Gemini,Virgo
30,101101,1,P-I,Mutable,Yang,forward(->),Pisces,Sagittarius,Pisces
30,101101,2,I-R,Cardinal,Yin,reverse(<-),Cancer,Cancer,Capricorn
30,101101,3,P-R,Fixed,Yang,forward(->),Leo,Taurus,Leo
30,101101,4,I-U,Fixed,Yang,forward(->),Aquarius,Scorpio,Aquarius
30,101101,5,P-U,Cardinal,Yin,reverse(<-),Aries,Aries,Libra
30,101101,6,U-R,Mutable,Yang,forward(->),Virgo,Gemini,Virgo
31,001110,1,P-I,Mutable,Yin,reverse(<-),Sagittarius,Sagittarius,Pisces
31,001110,2,I-R,Cardinal,Yin,reverse(<-),Cancer,Cancer,Capricorn
31,001110,3,P-R,Fixed,Yang,forward(->),Leo,Taurus,Leo
31,001110,4,I-U,Fixed,Yang,forward(->),Aquarius,Scorpio,Aquarius
31,001110,5,P-U,Cardinal,Yang,forward(->),Libra,Aries,Libra
31,001110,6,U-R,Mutable,Yin,reverse(<-),Gemini,Gemini,Virgo
32,011100,1,P-I,Mutable,Yin,reverse(<-),Sagittarius,Sagittarius,Pisces
32,011100,2,I-R,Cardinal,Yang,forward(->),Capricorn,Cancer,Capricorn
32,011100,3,P-R,Fixed,Yang,forward(->),Leo,Taurus,Leo
32,011100,4,I-U,Fixed,Yang,forward(->),Aquarius,Scorpio,Aquarius
32,011100,5,P-U,Cardinal,Yin,reverse(<-),Aries,Aries,Libra
32,011100,6,U-R,Mutable,Yin,reverse(<-),Gemini,Gemini,Virgo
33,001111,1,P-I,Mutable,Yin,reverse(<-),Sagittarius,Sagittarius,Pisces
33,001111,2,I-R,Cardinal,Yin,reverse(<-),Cancer,Cancer,Capricorn
33,001111,3,P-R,Fixed,Yang,forward(->),Leo,Taurus,Leo
33,001111,4,I-U,Fixed,Yang,forward(->),Aquarius,Scorpio,Aquarius
33,001111,5,P-U,Cardinal,Yang,forward(->),Libra,Aries,Libra
33,001111,6,U-R,Mutable,Yang,forward(->),Virgo,Gemini,Virgo
34,111100,1,P-I,Mutable,Yang,forward(->),Pisces,Sagittarius,Pisces
34,111100,2,I-R,Cardinal,Yang,forward(->),Capricorn,Cancer,Capricorn
34,111100,3,P-R,Fixed,Yang,forward(->),Leo,Taurus,Leo
34,111100,4,I-U,Fixed,Yang,forward(->),Aquarius,Scorpio,Aquarius
34,111100,5,P-U,Cardinal,Yin,reverse(<-),Aries,Aries,Libra
34,111100,6,U-R,Mutable,Yin,reverse(<-),Gemini,Gemini,Virgo
35,000101,1,P-I,Mutable,Yin,reverse(<-),Sagittarius,Sagittarius,Pisces
35,000101,2,I-R,Cardinal,Yin,reverse(<-),Cancer,Cancer,Capricorn
35,000101,3,P-R,Fixed,Yin,reverse(<-),Taurus,Taurus,Leo
35,000101,4,I-U,Fixed,Yang,forward(->),Aquarius,Scorpio,Aquarius
35,000101,5,P-U,Cardinal,Yin,reverse(<-),Aries,Aries,Libra
35,000101,6,U-R,Mutable,Yang,forward(->),Virgo,Gemini,Virgo
36,101000,1,P-I,Mutable,Yang,forward(->),Pisces,Sagittarius,Pisces
36,101000,2,I-R,Cardinal,Yin,reverse(<-),Cancer,Cancer,Capricorn
36,101000,3,P-R,Fixed,Yang,forward(->),Leo,Taurus,Leo
36,101000,4,I-U,Fixed,Yin,reverse(<-),Scorpio,Scorpio,Aquarius
36,101000,5,P-U,Cardinal,Yin,reverse(<-),Aries,Aries,Libra
36,101000,6,U-R,Mutable,Yin,reverse(<-),Gemini,Gemini,Virgo
37,101011,1,P-I,Mutable,Yang,forward(->),Pisces,Sagittarius,Pisces
37,101011,2,I-R,Cardinal,Yin,reverse(<-),Cancer,Cancer,Capricorn
37,101011,3,P-R,Fixed,Yang,forward(->),Leo,Taurus,Leo
37,101011,4,I-U,Fixed,Yin,reverse(<-),Scorpio,Scorpio,Aquarius
37,101011,5,P-U,Cardinal,Yang,forward(->),Libra,Aries,Libra
37,101011,6,U-R,Mutable,Yang,forward(->),Virgo,Gemini,Virgo
38,110101,1,P-I,Mutable,Yang,forward(->),Pisces,Sagittarius,Pisces
38,110101,2,I-R,Cardinal,Yang,forward(->),Capricorn,Cancer,Capricorn
38,110101,3,P-R,Fixed,Yin,reverse(<-),Taurus,Taurus,Leo
38,110101,4,I-U,Fixed,Yang,forward(->),Aquarius,Scorpio,Aquarius
38,110101,5,P-U,Cardinal,Yin,reverse(<-),Aries,Aries,Libra
38,110101,6,U-R,Mutable,Yang,forward(->),Virgo,Gemini,Virgo
39,001010,1,P-I,Mutable,Yin,reverse(<-),Sagittarius,Sagittarius,Pisces
39,001010,2,I-R,Cardinal,Yin,reverse(<-),Cancer,Cancer,Capricorn
39,001010,3,P-R,Fixed,Yang,forward(->),Leo,Taurus,Leo
39,001010,4,I-U,Fixed,Yin,reverse(<-),Scorpio,Scorpio,Aquarius
39,001010,5,P-U,Cardinal,Yang,forward(->),Libra,Aries,Libra
39,001010,6,U-R,Mutable,Yin,reverse(<-),Gemini,Gemini,Virgo
40,010100,1,P-I,Mutable,Yin,reverse(<-),Sagittarius,Sagittarius,Pisces
40,010100,2,I-R,Cardinal,Yang,forward(->),Capricorn,Cancer,Capricorn
40,010100,3,P-R,Fixed,Yin,reverse(<-),Taurus,Taurus,Leo
40,010100,4,I-U,Fixed,Yang,forward(->),Aquarius,Scorpio,Aquarius
40,010100,5,P-U,Cardinal,Yin,reverse(<-),Aries,Aries,Libra
40,010100,6,U-R,Mutable,Yin,reverse(<-),Gemini,Gemini,Virgo
41,110001,1,P-I,Mutable,Yang,forward(->),Pisces,Sagittarius,Pisces
41,110001,2,I-R,Cardinal,Yang,forward(->),Capricorn,Cancer,Capricorn
41,110001,3,P-R,Fixed,Yin,reverse(<-),Taurus,Taurus,Leo
41,110001,4,I-U,Fixed,Yin,reverse(<-),Scorpio,Scorpio,Aquarius
41,110001,5,P-U,Cardinal,Yin,reverse(<-),Aries,Aries,Libra
41,110001,6,U-R,Mutable,Yang,forward(->),Virgo,Gemini,Virgo
42,100011,1,P-I,Mutable,Yang,forward(->),Pisces,Sagittarius,Pisces
42,100011,2,I-R,Cardinal,Yin,reverse(<-),Cancer,Cancer,Capricorn
42,100011,3,P-R,Fixed,Yin,reverse(<-),Taurus,Taurus,Leo
42,100011,4,I-U,Fixed,Yin,reverse(<-),Scorpio,Scorpio,Aquarius
42,100011,5,P-U,Cardinal,Yang,forward(->),Libra,Aries,Libra
42,100011,6,U-R,Mutable,Yang,forward(->),Virgo,Gemini,Virgo
43,111110,1,P-I,Mutable,Yang,forward(->),Pisces,Sagittarius,Pisces
43,111110,2,I-R,Cardinal,Yang,forward(->),Capricorn,Cancer,Capricorn
43,111110,3,P-R,Fixed,Yang,forward(->),Leo,Taurus,Leo
43,111110,4,I-U,Fixed,Yang,forward(->),Aquarius,Scorpio,Aquarius
43,111110,5,P-U,Cardinal,Yang,forward(->),Libra,Aries,Libra
43,111110,6,U-R,Mutable,Yin,reverse(<-),Gemini,Gemini,Virgo
44,011111,1,P-I,Mutable,Yin,reverse(<-),Sagittarius,Sagittarius,Pisces
44,011111,2,I-R,Cardinal,Yang,forward(->),Capricorn,Cancer,Capricorn
44,011111,3,P-R,Fixed,Yang,forward(->),Leo,Taurus,Leo
44,011111,4,I-U,Fixed,Yang,forward(->),Aquarius,Scorpio,Aquarius
44,011111,5,P-U,Cardinal,Yang,forward(->),Libra,Aries,Libra
44,011111,6,U-R,Mutable,Yang,forward(->),Virgo,Gemini,Virgo
45,000110,1,P-I,Mutable,Yin,reverse(<-),Sagittarius,Sagittarius,Pisces
45,000110,2,I-R,Cardinal,Yin,reverse(<-),Cancer,Cancer,Capricorn
45,000110,3,P-R,Fixed,Yin,reverse(<-),Taurus,Taurus,Leo
45,000110,4,I-U,Fixed,Yang,forward(->),Aquarius,Scorpio,Aquarius
45,000110,5,P-U,Cardinal,Yang,forward(->),Libra,Aries,Libra
45,000110,6,U-R,Mutable,Yin,reverse(<-),Gemini,Gemini,Virgo
46,011000,1,P-I,Mutable,Yin,reverse(<-),Sagittarius,Sagittarius,Pisces
46,011000,2,I-R,Cardinal,Yang,forward(->),Capricorn,Cancer,Capricorn
46,011000,3,P-R,Fixed,Yang,forward(->),Leo,Taurus,Leo
46,011000,4,I-U,Fixed,Yin,reverse(<-),Scorpio,Scorpio,Aquarius
46,011000,5,P-U,Cardinal,Yin,reverse(<-),Aries,Aries,Libra
46,011000,6,U-R,Mutable,Yin,reverse(<-),Gemini,Gemini,Virgo
47,010110,1,P-I,Mutable,Yin,reverse(<-),Sagittarius,Sagittarius,Pisces
47,010110,2,I-R,Cardinal,Yang,forward(->),Capricorn,Cancer,Capricorn
47,010110,3,P-R,Fixed,Yin,reverse(<-),Taurus,Taurus,Leo
47,010110,4,I-U,Fixed,Yang,forward(->),Aquarius,Scorpio,Aquarius
47,010110,5,P-U,Cardinal,Yang,forward(->),Libra,Aries,Libra
47,010110,6,U-R,Mutable,Yin,reverse(<-),Gemini,Gemini,Virgo
48,011010,1,P-I,Mutable,Yin,reverse(<-),Sagittarius,Sagittarius,Pisces
48,011010,2,I-R,Cardinal,Yang,forward(->),Capricorn,Cancer,Capricorn
48,011010,3,P-R,Fixed,Yang,forward(->),Leo,Taurus,Leo
48,011010,4,I-U,Fixed,Yin,reverse(<-),Scorpio,Scorpio,Aquarius
48,011010,5,P-U,Cardinal,Yang,forward(->),Libra,Aries,Libra
48,011010,6,U-R,Mutable,Yin,reverse(<-),Gemini,Gemini,Virgo
49,101110,1,P-I,Mutable,Yang,forward(->),Pisces,Sagittarius,Pisces
49,101110,2,I-R,Cardinal,Yin,reverse(<-),Cancer,Cancer,Capricorn
49,101110,3,P-R,Fixed,Yang,forward(->),Leo,Taurus,Leo
49,101110,4,I-U,Fixed,Yang,forward(->),Aquarius,Scorpio,Aquarius
49,101110,5,P-U,Cardinal,Yang,forward(->),Libra,Aries,Libra
49,101110,6,U-R,Mutable,Yin,reverse(<-),Gemini,Gemini,Virgo
50,011101,1,P-I,Mutable,Yin,reverse(<-),Sagittarius,Sagittarius,Pisces
50,011101,2,I-R,Cardinal,Yang,forward(->),Capricorn,Cancer,Capricorn
50,011101,3,P-R,Fixed,Yang,forward(->),Leo,Taurus,Leo
50,011101,4,I-U,Fixed,Yang,forward(->),Aquarius,Scorpio,Aquarius
50,011101,5,P-U,Cardinal,Yin,reverse(<-),Aries,Aries,Libra
50,011101,6,U-R,Mutable,Yang,forward(->),Virgo,Gemini,Virgo
51,100100,1,P-I,Mutable,Yang,forward(->),Pisces,Sagittarius,Pisces
51,100100,2,I-R,Cardinal,Yin,reverse(<-),Cancer,Cancer,Capricorn
51,100100,3,P-R,Fixed,Yin,reverse(<-),Taurus,Taurus,Leo
51,100100,4,I-U,Fixed,Yang,forward(->),Aquarius,Scorpio,Aquarius
51,100100,5,P-U,Cardinal,Yin,reverse(<-),Aries,Aries,Libra
51,100100,6,U-R,Mutable,Yin,reverse(<-),Gemini,Gemini,Virgo
52,001001,1,P-I,Mutable,Yin,reverse(<-),Sagittarius,Sagittarius,Pisces
52,001001,2,I-R,Cardinal,Yin,reverse(<-),Cancer,Cancer,Capricorn
52,001001,3,P-R,Fixed,Yang,forward(->),Leo,Taurus,Leo
52,001001,4,I-U,Fixed,Yin,reverse(<-),Scorpio,Scorpio,Aquarius
52,001001,5,P-U,Cardinal,Yin,reverse(<-),Aries,Aries,Libra
52,001001,6,U-R,Mutable,Yang,forward(->),Virgo,Gemini,Virgo
53,001011,1,P-I,Mutable,Yin,reverse(<-),Sagittarius,Sagittarius,Pisces
53,001011,2,I-R,Cardinal,Yin,reverse(<-),Cancer,Cancer,Capricorn
53,001011,3,P-R,Fixed,Yang,forward(->),Leo,Taurus,Leo
53,001011,4,I-U,Fixed,Yin,reverse(<-),Scorpio,Scorpio,Aquarius
53,001011,5,P-U,Cardinal,Yang,forward(->),Libra,Aries,Libra
53,001011,6,U-R,Mutable,Yang,forward(->),Virgo,Gemini,Virgo
54,110100,1,P-I,Mutable,Yang,forward(->),Pisces,Sagittarius,Pisces
54,110100,2,I-R,Cardinal,Yang,forward(->),Capricorn,Cancer,Capricorn
54,110100,3,P-R,Fixed,Yin,reverse(<-),Taurus,Taurus,Leo
54,110100,4,I-U,Fixed,Yang,forward(->),Aquarius,Scorpio,Aquarius
54,110100,5,P-U,Cardinal,Yin,reverse(<-),Aries,Aries,Libra
54,110100,6,U-R,Mutable,Yin,reverse(<-),Gemini,Gemini,Virgo
55,001101,1,P-I,Mutable,Yin,reverse(<-),Sagittarius,Sagittarius,Pisces
55,001101,2,I-R,Cardinal,Yin,reverse(<-),Cancer,Cancer,Capricorn
55,001101,3,P-R,Fixed,Yang,forward(->),Leo,Taurus,Leo
55,001101,4,I-U,Fixed,Yang,forward(->),Aquarius,Scorpio,Aquarius
55,001101,5,P-U,Cardinal,Yin,reverse(<-),Aries,Aries,Libra
55,001101,6,U-R,Mutable,Yang,forward(->),Virgo,Gemini,Virgo
56,101100,1,P-I,Mutable,Yang,forward(->),Pisces,Sagittarius,Pisces
56,101100,2,I-R,Cardinal,Yin,reverse(<-),Cancer,Cancer,Capricorn
56,101100,3,P-R,Fixed,Yang,forward(->),Leo,Taurus,Leo
56,101100,4,I-U,Fixed,Yang,forward(->),Aquarius,Scorpio,Aquarius
56,101100,5,P-U,Cardinal,Yin,reverse(<-),Aries,Aries,Libra
56,101100,6,U-R,Mutable,Yin,reverse(<-),Gemini,Gemini,Virgo
57,011011,1,P-I,Mutable,Yin,reverse(<-),Sagittarius,Sagittarius,Pisces
57,011011,2,I-R,Cardinal,Yang,forward(->),Capricorn,Cancer,Capricorn
57,011011,3,P-R,Fixed,Yang,forward(->),Leo,Taurus,Leo
57,011011,4,I-U,Fixed,Yin,reverse(<-),Scorpio,Scorpio,Aquarius
57,011011,5,P-U,Cardinal,Yang,forward(->),Libra,Aries,Libra
57,011011,6,U-R,Mutable,Yang,forward(->),Virgo,Gemini,Virgo
58,110110,1,P-I,Mutable,Yang,forward(->),Pisces,Sagittarius,Pisces
58,110110,2,I-R,Cardinal,Yang,forward(->),Capricorn,Cancer,Capricorn
58,110110,3,P-R,Fixed,Yin,reverse(<-),Taurus,Taurus,Leo
58,110110,4,I-U,Fixed,Yang,forward(->),Aquarius,Scorpio,Aquarius
58,110110,5,P-U,Cardinal,Yang,forward(->),Libra,Aries,Libra
58,110110,6,U-R,Mutable,Yin,reverse(<-),Gemini,Gemini,Virgo
59,110010,1,P-I,Mutable,Yang,forward(->),Pisces,Sagittarius,Pisces
59,110010,2,I-R,Cardinal,Yang,forward(->),Capricorn,Cancer,Capricorn
59,110010,3,P-R,Fixed,Yin,reverse(<-),Taurus,Taurus,Leo
59,110010,4,I-U,Fixed,Yin,reverse(<-),Scorpio,Scorpio,Aquarius
59,110010,5,P-U,Cardinal,Yang,forward(->),Libra,Aries,Libra
59,110010,6,U-R,Mutable,Yin,reverse(<-),Gemini,Gemini,Virgo
60,010011,1,P-I,Mutable,Yin,reverse(<-),Sagittarius,Sagittarius,Pisces
60,010011,2,I-R,Cardinal,Yang,forward(->),Capricorn,Cancer,Capricorn
60,010011,3,P-R,Fixed,Yin,reverse(<-),Taurus,Taurus,Leo
60,010011,4,I-U,Fixed,Yin,reverse(<-),Scorpio,Scorpio,Aquarius
60,010011,5,P-U,Cardinal,Yang,forward(->),Libra,Aries,Libra
60,010011,6,U-R,Mutable,Yang,forward(->),Virgo,Gemini,Virgo
61,110011,1,P-I,Mutable,Yang,forward(->),Pisces,Sagittarius,Pisces
61,110011,2,I-R,Cardinal,Yang,forward(->),Capricorn,Cancer,Capricorn
61,110011,3,P-R,Fixed,Yin,reverse(<-),Taurus,Taurus,Leo
61,110011,4,I-U,Fixed,Yin,reverse(<-),Scorpio,Scorpio,Aquarius
61,110011,5,P-U,Cardinal,Yang,forward(->),Libra,Aries,Libra
61,110011,6,U-R,Mutable,Yang,forward(->),Virgo,Gemini,Virgo
62,001100,1,P-I,Mutable,Yin,reverse(<-),Sagittarius,Sagittarius,Pisces
62,001100,2,I-R,Cardinal,Yin,reverse(<-),Cancer,Cancer,Capricorn
62,001100,3,P-R,Fixed,Yang,forward(->),Leo,Taurus,Leo
62,001100,4,I-U,Fixed,Yang,forward(->),Aquarius,Scorpio,Aquarius
62,001100,5,P-U,Cardinal,Yin,reverse(<-),Aries,Aries,Libra
62,001100,6,U-R,Mutable,Yin,reverse(<-),Gemini,Gemini,Virgo
63,101010,1,P-I,Mutable,Yang,forward(->),Pisces,Sagittarius,Pisces
63,101010,2,I-R,Cardinal,Yin,reverse(<-),Cancer,Cancer,Capricorn
63,101010,3,P-R,Fixed,Yang,forward(->),Leo,Taurus,Leo
63,101010,4,I-U,Fixed,Yin,reverse(<-),Scorpio,Scorpio,Aquarius
63,101010,5,P-U,Cardinal,Yang,forward(->),Libra,Aries,Libra
63,101010,6,U-R,Mutable,Yin,reverse(<-),Gemini,Gemini,Virgo
64,010101,1,P-I,Mutable,Yin,reverse(<-),Sagittarius,Sagittarius,Pisces
64,010101,2,I-R,Cardinal,Yang,forward(->),Capricorn,Cancer,Capricorn
64,010101,3,P-R,Fixed,Yin,reverse(<-),Taurus,Taurus,Leo
64,010101,4,I-U,Fixed,Yang,forward(->),Aquarius,Scorpio,Aquarius
64,010101,5,P-U,Cardinal,Yin,reverse(<-),Aries,Aries,Libra
64,010101,6,U-R,Mutable,Yang,forward(->),Virgo,Gemini,Virgo
